,topic 1,topic 2,topic 3,topic 4,topic 5,topic 6
0,0.0852569105795927,0.014715524723502965,0.11515655174563642,0.6633836361663896,0.11892475008209127,0.0025626267027869243
1,0.24706517179716675,0.00495198310505668,0.07808206078165073,0.027393493798858155,0.6393299408057107,0.0031773497115569205
2,0.09560342031865723,0.055851908290077974,0.537906405336516,0.014407473811482665,0.2258433769249648,0.07038741531830128
3,0.2242183829873401,0.3606833790531875,0.33298129508883545,0.0052932803338572015,0.05544827359683432,0.021375388939945457
4,0.42101082106325194,0.0060919374961378465,0.008615143625438077,0.006369406593752944,0.4849798872395582,0.07293280398186097
5,0.7125847999828153,0.13001527853259187,0.012151854275562951,0.021347693337562722,0.11852607476768758,0.0053742991037795534
6,0.15265815593347593,0.13626742546640663,0.1400841130865495,0.005024574479623417,0.29652357050901085,0.2694421605249336
7,0.5821692188045924,0.008076943024615126,0.13231470345691582,0.0717768274599397,0.0363021231423627,0.16936018411157427
8,0.9086909120683718,0.06538897435381465,0.0032198327148784743,0.006919867980695939,0.01057026470488027,0.005210148177358846
9,0.19851190278796021,0.5245761135926962,0.05187152275000233,0.1811810825071736,0.0034300185923455554,0.04042935976982205
10,0.060229104389707244,0.2805845610776989,0.33680229795373495,0.003950517057075044,0.2654833168702749,0.052950202651509015
11,0.34791563558624233,0.0033482717829721505,0.20192989205201575,0.06030839805347627,0.006506485111270002,0.3799913174140236
12,0.04681632504937658,0.7295093672173774,0.025588727954653064,0.0064624410452540195,0.054547293341389184,0.13707584539194978
13,0.1252929560537599,0.006067231906966922,0.10498522580498913,0.012101867274645177,0.7474186772466446,0.004134041712994363
14,0.018059306190710965,0.5175935424856676,0.23505020581988006,0.004413593746432601,0.2201622662134187,0.004721085543890113
15,0.2418814184907183,0.26026424537848936,0.008868820874886487,0.02362695668538251,0.009262213017460703,0.4560963455530626
16,0.050869106011636175,0.1839112140919285,0.7419477879448511,0.004688680619187793,0.010054637682903997,0.0085285736494924
17,0.2701165293348855,0.0069626173531142825,0.6249427063188262,0.0035216764040593147,0.06874237347012344,0.025714097118991225
18,0.8599001097190396,0.004701340858206759,0.024960614800929006,0.018027855031758404,0.07480274242605696,0.017607337164009237
19,0.33409284606121836,0.4092869091631501,0.08957877539795468,0.14353945286858427,0.008481627146511912,0.015020389362580704
20,0.7468206548003825,0.009728007496533894,0.026665100830650774,0.010040363376984072,0.12935070857021966,0.07739516492522908
21,0.5100396932965322,0.005315327404257511,0.10784166733915018,0.2611194635883432,0.0033315878469022935,0.11235226052481462
22,0.45639432224458915,0.07962990198291324,0.23605832397894674,0.004298062208625509,0.1458909823040126,0.07772840728091271
23,0.41281066144890094,0.3805299635201177,0.038322985967858304,0.005981853085010721,0.006868448809598909,0.15548608716851348
24,0.31077871931091305,0.2855256180484479,0.3071799025542257,0.005325514713688108,0.08628043904177003,0.004909806330955183
25,0.30058389407038566,0.018955730565202236,0.6048289661894806,0.012112663051223492,0.00563455854454958,0.05788418757915842
26,0.30719798780016816,0.5259321766121063,0.05546714056627112,0.003925515776957086,0.09706685366193474,0.010410325582562566
27,0.30521670913592575,0.2207187542939315,0.4215322791607331,0.0184243055017403,0.003962242656725267,0.030145709250944126
28,0.5907784994161472,0.04186010337635183,0.011179331640788395,0.14002510444657293,0.20800765838941807,0.008149302730721564
29,0.38392834010614224,0.29816996236613136,0.21753151195363618,0.008865706197900676,0.024213938817897105,0.0672905405582925
30,0.6921443538045513,0.023174565844392387,0.024786152605703753,0.005931494553253574,0.1993042378236262,0.054659195368472774
31,0.3323958818236866,0.11136998292257409,0.35492298080181556,0.0055277865529689075,0.19209528602953646,0.003688081869418408
32,0.3898918384799503,0.555097476618126,0.005953357889885164,0.038307082066527755,0.006329558515567659,0.004420686429943045
33,0.4328823116442485,0.2735485857709129,0.17900531468140135,0.02034838616555318,0.024893639760162907,0.06932176197772116
34,0.4798814719559767,0.2281002023706722,0.09454941044102966,0.004509155568796998,0.12800889602614923,0.06495086363737518
35,0.27435118584524487,0.24263366640203884,0.07638609277288819,0.32827478632948054,0.02988262996675899,0.04847163868358852
36,0.07162524925962215,0.11333314906793344,0.753628666566299,0.01047974219460522,0.01679181820500449,0.03414137470653572
37,0.3751433977336109,0.3768453602270504,0.184230427189785,0.03896900534587628,0.013329507658631902,0.011482301845045487
38,0.22673017214944727,0.18086858211522946,0.1631361535938432,0.049137728319002406,0.08314897580462233,0.2969783880178553
39,0.20451656407879468,0.21553407539788352,0.39714093707852366,0.016947466992393044,0.10408257140838836,0.061778385044016726
40,0.5039331425813194,0.10209251868800535,0.1843706991335198,0.1815941159171145,0.013408956459205585,0.014600567220835392
41,0.11317672312875561,0.27401430514475156,0.12783178024155814,0.004186370316472695,0.020428816369192186,0.4603620047992698
42,0.26594011199164985,0.15583991362002567,0.4540931664584541,0.04876960361707264,0.011856667094897865,0.0635005372178999
43,0.2998012593335278,0.16231823777784776,0.3702109035305984,0.012567659493341776,0.14409271654598882,0.011009223318695471
44,0.08242894254547041,0.720617768436777,0.1004146940198363,0.004111617499661948,0.08908364009942935,0.003343337398824961
45,0.033388105993181566,0.16801645227413148,0.7710013441851856,0.005278733880132622,0.013474847691274458,0.00884051597609434
46,0.12301818302437427,0.6181376744935086,0.08920485735428284,0.007499521457584934,0.13929798038319074,0.022841783287058548
47,0.561946767528541,0.008912392221599248,0.08106151722421964,0.15791973721950486,0.09810853036104249,0.0920510554450928
48,0.37529525760516214,0.04391893988301465,0.4714870275897538,0.10094981684284682,0.0035129219815291444,0.0048360360976934455
49,0.36344113603374806,0.42132518851057066,0.04071612200180897,0.01868852951928287,0.03711727565938642,0.11871174827520303
50,0.46278536105653234,0.2736625441088089,0.024053365512443785,0.07666345831474974,0.14481670414456355,0.01801856686290168
51,0.21444416281249598,0.006871769048427417,0.6809802852861444,0.002588784442755146,0.03433996278425997,0.06077503562591701
52,0.012792446992898717,0.15945860469091247,0.033167966615238735,0.004940490975181052,0.6214641431732337,0.1681763475525354
53,0.053680397916701324,0.012048670330472834,0.7695634068842342,0.08852623397198847,0.059034040645634576,0.01714725025096859
54,0.24354490033366005,0.34578379622224076,0.25340995285094287,0.13723537808530833,0.01745547697034946,0.0025704955374985274
55,0.2007678466287214,0.5153684555384515,0.018766926154558734,0.04680501719184513,0.015254579013280888,0.20303717547314243
56,0.1638002359916097,0.012656512023191508,0.01262517519969354,0.34653677546703043,0.4547685960522395,0.009612705266235255
57,0.47863282136274243,0.11954169873998172,0.04165992248062863,0.0726233534023172,0.23664266070428136,0.0508995433100487
58,0.2120827982411396,0.27018011314284224,0.4650535431057602,0.013469288196505575,0.02274231823074874,0.01647193908300369
59,0.45291848497430576,0.13900075820325955,0.08687765094009559,0.10118094727364817,0.16450916746547217,0.05551299114321878
60,0.534696821429883,0.15935594490477772,0.19122972624426782,0.035730542644338684,0.06185633574458908,0.01713062903214374
61,0.30492604103254695,0.08608959442643252,0.05445235380448724,0.5402034144293968,0.008185028015270098,0.006143568291866467
62,0.4343679820053185,0.11640663923792674,0.20580053111661814,0.053587564269444284,0.014127151635054023,0.1757101317356383
63,0.1257800257647623,0.30940275933654116,0.014388625714940742,0.10858015996602814,0.011803173319131348,0.4300452558985963
64,0.31198265395832275,0.03395469356371696,0.04986419625927262,0.17301976452251547,0.24908626977270082,0.18209242192347136
65,0.19662861849468427,0.4143330925055532,0.14253291145881625,0.008592627823790461,0.22882134040528984,0.009091409311865944
66,0.22245009359643347,0.5439971043160126,0.03334384665467571,0.03045105004336689,0.14605953523571397,0.023698370153797332
67,0.016666860720882894,0.10520443110461176,0.17250962508287662,0.6157498481346969,0.08288311066354828,0.006986124293383605
68,0.6176471058791618,0.1691724496950177,0.13766850391185417,0.022263069647645618,0.017610918435248007,0.035637952431072664
69,0.15839109265042214,0.34324412661537657,0.021446625649887256,0.031019251576687643,0.07981067892313867,0.36608822458448764
70,0.027560654633282593,0.16449391472696132,0.35282725605809545,0.027405212639487166,0.28404152371401786,0.14367143822815565
71,0.23626579506931206,0.5265652765588663,0.01246193149513227,0.1618868669121336,0.05862883378163188,0.004191296182923805
72,0.593202928375002,0.089748465298204,0.23095768303609962,0.01227902629998118,0.011396646409604642,0.062415250581108556
73,0.08265784423121503,0.48642267795505617,0.19610698265197465,0.16478962503638347,0.03967678206609978,0.030346088059270894
74,0.20589484651564802,0.17838067565470986,0.2734853455051691,0.025854942599190446,0.1720672427366397,0.14431694698864284
75,0.22495576365381723,0.048742866977556476,0.5032419780591606,0.005120463634403701,0.19205264221128643,0.02588628546377561
76,0.6723736413627158,0.15959406052205025,0.015015491768950825,0.07284187618342412,0.03799724817764502,0.042177681985213974
77,0.14028644126427775,0.040579108274909674,0.2666892082121879,0.3789401057273352,0.1692085570334689,0.0042965794878206676
78,0.15894300739269893,0.01645196151168786,0.0086517979651598,0.05189383042151031,0.15783274994580346,0.6062266527631397
79,0.3354858164589773,0.17743551922290463,0.16462733179894187,0.02477945187144553,0.07500984283212676,0.22266203781560384
80,0.15379166720491574,0.1683677304828897,0.6262988866592913,0.0109280407378917,0.029266565318325024,0.011347109596686496
81,0.3166275555606211,0.10407628133664168,0.18168416177166122,0.24485092664944869,0.04246597443144532,0.110295100250182
82,0.06811966319831433,0.035723639571157054,0.055037608806329845,0.15895320575990385,0.2609284053902842,0.4212374772740107
83,0.03170772941291003,0.06324273444098452,0.2717601225223467,0.009765376753536555,0.6196216697992322,0.0039023670709901204
84,0.5423535793355794,0.09854717390858933,0.2673765890426613,0.03697444306498488,0.02945649991467746,0.025291714733507612
85,0.15506082796484466,0.2282467443305222,0.00412663280640724,0.0024357487975195944,0.5088400172583325,0.10129002884237381
86,0.34944148221168037,0.31459631525138476,0.055895186311958917,0.004178872300172333,0.15930026945218353,0.11658787447262012
87,0.3300937271396659,0.31714547538330023,0.10134435418448653,0.1870423545459825,0.03887312396719816,0.02550096477936665
88,0.021879358164733357,0.3090134946192624,0.04481815137661042,0.12693536591787552,0.3072600455950737,0.19009358432644458
89,0.09961463378684177,0.5483790759441155,0.17186033124241373,0.013795260337478535,0.06844262010842612,0.09790807858072435
90,0.07540752636152846,0.05436111135149901,0.7307754001093725,0.04591694246627971,0.047410619806759764,0.04612839990456056
91,0.25844887676751965,0.10448877990750541,0.03927282508382504,0.02839333964206856,0.1356421843288256,0.43375399427025574
92,0.01699388198517695,0.22435790777677464,0.40556208172033675,0.056128259733508074,0.29135606052999763,0.0056018082542059755
93,0.0404304254685693,0.2038729902327661,0.12323650780916964,0.05949948249333193,0.016982901560526422,0.5559776924356367
94,0.08697643836717785,0.11026690395337797,0.19072247303436288,0.5928884028040555,0.007502904309984681,0.011642877531041096
95,0.008689166259252798,0.013428621921314414,0.7763109825849115,0.10306685041413818,0.042636281704725575,0.05586809711565755
96,0.23698216431379635,0.2840711895047397,0.38951343850210923,0.014727100124187317,0.0478428447580637,0.02686326279710368
97,0.020834650045008982,0.23521997590477456,0.2077282196814549,0.006287117987139641,0.5224894483324909,0.007440588049130947
98,0.1718425108069335,0.15430293779905413,0.316262943231518,0.10556664989142489,0.11284059300727586,0.13918436526379366
99,0.14039809612113163,0.2562236138899975,0.06777056278386503,0.10532257133013274,0.4060839029530928,0.02420125292178027
100,0.18133812176721828,0.013993668534865618,0.20350668226369367,0.0032336850931276584,0.1649867414983183,0.4329411008427765
101,0.3619573446230331,0.2866136606199281,0.12985129267418075,0.18687933391783354,0.01971284011869823,0.014985528046326298
102,0.3701739932201549,0.3734688000242418,0.0034140650123368607,0.0030112268905520085,0.24247347999622096,0.007458434856493473
103,0.5676805411494983,0.04461734029498494,0.02241345574828308,0.15339265972951416,0.007230056024718276,0.20466594705300128
104,0.18443199358925996,0.14545969717798682,0.158401495930654,0.003978786692462279,0.49374659817269134,0.013981428436945553
105,0.5716089805470385,0.35717118601513037,0.01514798493253103,0.03733724287153214,0.0063184791802820784,0.012416126453485925
106,0.13203030275581873,0.27523725243090486,0.058046388492002846,0.3621699230933638,0.018707464901634475,0.15380866832627535
107,0.012909487874293406,0.011187831399870701,0.33391327089507605,0.011052557032786839,0.29953794714018434,0.33139890565778873
108,0.06889321210237259,0.21936618422277884,0.050567343412843545,0.046484713631291315,0.38813212890000903,0.22655641773070456
109,0.3160993012382277,0.17544313468031808,0.00903735416091726,0.17697508681845606,0.22845790379172845,0.0939872193103524
110,0.5162441407435122,0.003910485661055988,0.18169515943367323,0.004826883887707217,0.2419194352769884,0.05140389499706294
111,0.2196094067616511,0.2113790410334249,0.10595871005239516,0.019274869830313825,0.23791039183642582,0.20586758048578924
112,0.18208004262838684,0.4035644664682642,0.21346804646133738,0.08909420163081176,0.10174573380513116,0.010047509006068642
113,0.003915834356543368,0.5659594696997314,0.2608049548938103,0.050060577312277636,0.11060359581176825,0.008655567925868982
114,0.11479982136787925,0.27353548599048977,0.20520786631071913,0.09143333523374658,0.24913523080680483,0.06588826029036038
115,0.48562185565488336,0.23495440664992473,0.22434903775771664,0.011296903094366277,0.03774822559008503,0.00602957125302396
116,0.02694028246545728,0.048957274762742066,0.23036245157581642,0.1336811666810453,0.547605468001875,0.012453356513063896
117,0.2388300264928527,0.0472515139329509,0.5246669925653874,0.005824379882136407,0.008605924274438008,0.1748211628522346
118,0.0423007279526741,0.014829438020643688,0.4369215763615538,0.1182307294451665,0.34242575574316814,0.04529177247679367
119,0.16227868748894164,0.1840756478499932,0.1767879557344943,0.06258620268317398,0.3537571324176657,0.060514373825731105
120,0.056145812435596486,0.0638571853239557,0.7676145250046451,0.09800338866207445,0.009577202495984094,0.004801886077744205
121,0.47051901438267646,0.2647249320324215,0.03709520196745665,0.011606154298432387,0.17254321772838366,0.043511479590629315
122,0.15383993169087323,0.1255746000889658,0.3335088564845034,0.1264345085620151,0.052466033337562945,0.20817606983607956
123,0.050190149541212765,0.00567171841299843,0.05162524949955867,0.003493826409933385,0.7967735427815746,0.09224551335472209
124,0.18473378835244852,0.23148544866801493,0.01702195717282115,0.4144632335392559,0.14629194246621857,0.006003629801240973
125,0.015662320037178094,0.33467489326120275,0.13535904572125962,0.005009969525587548,0.08445347855673915,0.4248402928980328
126,0.14940373526669193,0.5195097461305662,0.2006536937668066,0.008773933161110808,0.01736249895719,0.10429639271763444
127,0.014799442061318635,0.052374912940623054,0.18552610893036175,0.06276189821452376,0.5201417476885336,0.1643958901646393
128,0.06142726590052079,0.17569551668528824,0.09014628660726792,0.007628252490129906,0.028998976166746605,0.6361037021500464
129,0.16522368889043856,0.09664789578081448,0.6229976654472841,0.08504560691780158,0.011594613106232927,0.01849052985742837
130,0.45112423141197106,0.104129524134132,0.014858484675078177,0.12081466836281894,0.28634192784910356,0.022731163566896306
131,0.05041613892722432,0.8764921855885304,0.003972866894554224,0.0073314049159513344,0.05670478442485098,0.005082619248888788
132,0.09786246326601161,0.690383570821636,0.04814219561470811,0.04886917779006912,0.0893963633050365,0.025346229202538553
133,0.06982390742452624,0.4384629264885939,0.02099158485154179,0.005946138889945773,0.26247692155499186,0.2022985207904004
134,0.012069963840103488,0.5735494904998526,0.04423221696758939,0.008290442736007132,0.35137258441024655,0.01048530154620081
135,0.2371142520171022,0.3205944849384565,0.05814374778881621,0.0825386662992408,0.07229615964784063,0.22931268930854365
136,0.008284798697388083,0.12064182069038093,0.25377109968089806,0.00995933187324191,0.34738199874321135,0.2599609503148797
137,0.026359807698444943,0.021961474420486977,0.46157525576432795,0.25585690166438446,0.005928120077594433,0.2283184403747612
138,0.2333207821379737,0.03606388482780052,0.1819160564580909,0.48800533501049287,0.03346534158362962,0.027228599982012443
139,0.7967550851384667,0.020200970598144574,0.14061868163085223,0.0041317788657990505,0.034064994722264395,0.004228489044473038
140,0.06103414979758556,0.2853323925552463,0.5410408264627443,0.051531618517330846,0.010252603260216799,0.05080840940687611
141,0.4120527461851265,0.04874638115659413,0.2783189045236769,0.010195499128412921,0.2332555710972701,0.017430897908919468
142,0.010738891764731992,0.24282915506245648,0.5347145980337851,0.024955156177227367,0.05888951150321475,0.12787268745858432
143,0.020729908543205052,0.010048523940523805,0.13701846592151892,0.27871380420661424,0.17714597414116884,0.3763433232469692
144,0.05330684568054902,0.433855079237426,0.18076686745384873,0.003043434419001449,0.277930968611764,0.05109680459741078
145,0.15496958723158058,0.08613423796780886,0.30875074308588923,0.3878941249829764,0.013341049853732898,0.04891025687801205
146,0.05410965680493216,0.6341800067334292,0.24679673033035043,0.012444134155931054,0.030996367586991813,0.02147310438836529
147,0.2057341113337709,0.2126110944720489,0.36277881526007716,0.003203414934714912,0.1999537348311504,0.015718829168237636
148,0.2898765216429615,0.5099348654067899,0.019366009011616885,0.022675893163959376,0.14289815038947354,0.015248560385198784
149,0.1920490125386558,0.05691413509648443,0.22832694269070877,0.03961176164182365,0.38711849806257953,0.09597964996974778
150,0.11056013690833948,0.05430847029256221,0.5351598151721352,0.021835254340912363,0.22689532426447093,0.05124099902157983
151,0.01891147059458688,0.0827213732872673,0.08236355451575847,0.5078193570532396,0.29900659949409636,0.009177645055051475
152,0.07870335536930963,0.5029118662426842,0.13817878908851705,0.017762207983481878,0.2523838255373772,0.010059955778630003
153,0.18659532314521532,0.043937777081579345,0.34497691230870803,0.0196441015254714,0.0117008270191941,0.3931450589198318
154,0.13261025372350643,0.4312754624304283,0.26601288765464964,0.0031466960432940355,0.16452934519277626,0.0024253549553453213
155,0.3702180496222368,0.09755234049415268,0.3784604125560353,0.010806018280712492,0.08427476597101674,0.058688413075846046
156,0.1389974481235317,0.4021746845673511,0.21240722890457012,0.05366917917650115,0.06050202021876209,0.13224943900928388
157,0.02125904792392642,0.11510521279574291,0.18497025082938806,0.23794713207402185,0.31951599872762426,0.12120235764929654
158,0.1710074305366919,0.6966962649853305,0.013634620625692678,0.09025410930185286,0.023431866343589715,0.004975708206842323
159,0.3758235128433754,0.24498354044319806,0.009912775662197813,0.008104244095708443,0.1233575584790745,0.23781836847644588
160,0.3331222805153651,0.055652759190096254,0.015845512300131273,0.1877637245507976,0.023226892199214713,0.38438883124439505
161,0.060461988429525666,0.7246525664202687,0.0031055553233795287,0.005280650257244972,0.09150075551256719,0.114998484057014
162,0.20891877394463823,0.09584528121681228,0.10454072942920592,0.0571405590154994,0.1306250737044432,0.40292958268940104
163,0.03482339793421496,0.37422853277335166,0.22474267696049355,0.0076339689741890425,0.2122072854847444,0.14636413787300637
164,0.10057594165262469,0.23786335417232782,0.17545726868980913,0.006872358027948138,0.44836882610274303,0.03086225135454712
165,0.41121309462040395,0.2876510119607904,0.05430865842280882,0.20232693254197975,0.02002754569408679,0.02447275675993022
166,0.10008307196950479,0.01203345739857595,0.36712157490429315,0.43757075684320024,0.011468241540754917,0.07172289734367095
167,0.02137613455863365,0.6027185863746815,0.02709151621574706,0.28495102803686206,0.0053824631488935265,0.05848027166518226
168,0.10564093305155182,0.13464093447194334,0.24850348233777994,0.02305374444391608,0.03589719638613899,0.45226370930866977
169,0.5099504799139823,0.14782110904993342,0.024354322515390034,0.016217719410629616,0.025345348490843106,0.2763110206192215
170,0.06851168910641262,0.2996842460181068,0.21191620602086036,0.005677872834092719,0.009635670927561462,0.40457431509296604
171,0.46609394803239057,0.05150042051538696,0.007150309951714515,0.003943579404339303,0.467962681233789,0.0033490608623796825
172,0.037594076278598815,0.36049889299678306,0.005991571370343565,0.40607936440443176,0.1725055360081537,0.01733055894168914
173,0.016675053137554234,0.22798711581110487,0.4873158605380439,0.0633314132749232,0.16290318860842035,0.04178736862995347
174,0.038339173395363996,0.43545898069858796,0.13087687345508317,0.3603974336202926,0.02719308584193613,0.007734452988736158
175,0.10485868342043277,0.22193554943976948,0.6224037519259807,0.008947973171144269,0.02815441955584292,0.013699622486829807
176,0.13410470663576285,0.18362453288957006,0.031139586447018648,0.3340675488078578,0.04339667675536766,0.2736669484644231
177,0.02611945465866403,0.14051910244233715,0.05731794392144745,0.004356085465152212,0.594644976733331,0.17704243677906817
178,0.055180598956232334,0.22501795680286008,0.433365796221903,0.021740333948160794,0.2502978021453573,0.01439751192548655
179,0.44760833041124326,0.1411967294269581,0.18967938391433792,0.004134519656696361,0.18584360328780886,0.0315374333029555
180,0.48407944429493466,0.07976590895533757,0.2409432662255357,0.028037171253317564,0.08076042024061346,0.08641378903026105
181,0.09748321950589035,0.19856712955588476,0.009607758832872744,0.015032410292585032,0.4665497047255176,0.21275977708724947
182,0.009197802183492107,0.10852343973618822,0.13102601447022094,0.0030561685386813107,0.0061022952210680785,0.7420942798503495
183,0.5104064324846036,0.12457804238059876,0.16886785696608708,0.16132443521433518,0.010664185731283544,0.024159047223091822
184,0.0897369676070968,0.7718558953234806,0.09602305059547624,0.00474949000176861,0.011193738056831997,0.026440858415345693
185,0.00489386079434355,0.1659782270612567,0.08899791439961427,0.07991394744673702,0.1212841776938029,0.5389318726042456
186,0.116370309796277,0.5308897366020018,0.028686755139551882,0.02658383654693525,0.07197724865814464,0.2254921132570895
187,0.023088452879124293,0.30546959849001387,0.004357410455190327,0.6483740441715277,0.008473592535600894,0.010236901468542925
188,0.22459065676436588,0.11917470409354426,0.006556510870485832,0.5176517988354313,0.007287962503876158,0.1247383669322966
189,0.1746488532242374,0.7191934283316903,0.013924599730210045,0.0032613478146909045,0.08197761603245723,0.006994154866714106
190,0.2563438170285821,0.25908887584724843,0.17751893370189029,0.06667343097541087,0.18396179071922594,0.056413151727642386
191,0.026409712423897586,0.5635132144595484,0.16888141059065415,0.019444834778445098,0.1997850617083129,0.02196576603914191
192,0.06628424325125118,0.32181512540831303,0.3299452419240328,0.08799965506446865,0.13573205345211387,0.058223680899820496
193,0.004973133738746542,0.8648826929485718,0.02446144860633645,0.010863256611758984,0.015123590118986912,0.07969587797559935
194,0.39549471985748896,0.32295404201953404,0.04308827390305685,0.0054984390178662,0.09723796081837742,0.13572656438367653
195,0.016522105014770992,0.13443193699961317,0.01144928471795628,0.2587577314771558,0.4220421088475464,0.15679683294295738
196,0.03946578263755393,0.16392071643827447,0.25707186802910365,0.043235433038150965,0.32466565684252185,0.17164054301439513
197,0.0551293794173627,0.04261358984649823,0.7180539400606482,0.009682564423217785,0.13741135034939905,0.03710917590287405
198,0.4207722489303999,0.028540360376762375,0.3841684165310871,0.008485522144619086,0.13202774432830008,0.026005707688831536
199,0.03436939684838809,0.14852260375961346,0.6369433644930531,0.1514172025527359,0.005152057599313765,0.023595374746895617
200,0.005558565925786514,0.9410583464335086,0.008630483678069055,0.014994871126953219,0.017713701185901876,0.012044031649780726
201,0.13421467236784418,0.05226964053790571,0.013268403893546752,0.12987736128195818,0.6598880289351698,0.01048189298357538
202,0.16689978171507358,0.6995557416839109,0.034607262827074284,0.030869322528835647,0.056546299777017375,0.011521591468088233
203,0.15220021949926107,0.36552661015008997,0.013873570740145334,0.2226184232297598,0.23807074194698002,0.007710434433763763
204,0.024644164299615842,0.551964572959647,0.1510894447559745,0.010217066441397723,0.2563919924787987,0.0056927590645662884
205,0.055539473946990686,0.31103186971466534,0.015062376855253167,0.002844482986738611,0.19932766418207684,0.4161941323142755
206,0.09344170584176928,0.18383720692832808,0.015398996236728916,0.23976728548569812,0.018993440548803253,0.4485613649586724
207,0.09277344178901296,0.58075109709709,0.20049130399770443,0.009794822103307047,0.005099246730942682,0.11109008828194286
208,0.050717951855076084,0.48852396214396177,0.05435717882300622,0.009365666301371494,0.2882631663344542,0.10877207454213023
209,0.03893919436461955,0.25877713139469594,0.015075793078084335,0.00823891169556937,0.6764008803765177,0.0025680890905130926
210,0.16696098306021104,0.6091553036497804,0.010617957266085838,0.08671726401236812,0.016144113564099706,0.1104043784474549
211,0.020890018926726775,0.21827056005797824,0.10870571418824534,0.1443187806568481,0.06628362422635378,0.4415313019438476
212,0.018593331778229222,0.5578737809032009,0.2623996207278396,0.042159151936671566,0.08965582558808878,0.029318289065969894
213,0.3398166175105031,0.053326642556505106,0.23965096291860177,0.11061449659813648,0.017713096438329197,0.23887818397792437
214,0.028663755145761416,0.3170952088909026,0.5024908580808453,0.04359147066185109,0.10052932397425168,0.007629383246388011
215,0.017678354703265824,0.20683117771355403,0.3743866286958186,0.0895923214409494,0.05066362519775539,0.26084789224865673
216,0.032882506853609265,0.6850593210115028,0.013507227306862083,0.13401070448484878,0.012932797244861427,0.12160744309831562
217,0.39084587357822625,0.339131342763699,0.03250069502078553,0.06661065223731424,0.08971313846772773,0.08119829793224718
218,0.2117892408967329,0.5062623407580328,0.06877101287359465,0.009149170174842125,0.10422766438868374,0.0998005709081138
219,0.004660384252659903,0.8072872639908365,0.02091376584721553,0.009686972927592496,0.08631270437322329,0.07113890860847229
220,0.163699436770937,0.2049045253760266,0.005906251568093579,0.3863388356094376,0.010029418196837774,0.2291215324786674
221,0.5882631130656673,0.19335596131410915,0.05475926497312454,0.10446434953892078,0.015808890804191556,0.04334842030398671
222,0.33972758513373497,0.11273963854858754,0.2939312645056312,0.07199633329866797,0.09806038107630875,0.0835447974370697
223,0.07452303928646263,0.6147602533518454,0.17680353150482775,0.03586307891899403,0.0212619445412898,0.0767881523965804
224,0.03913234263352669,0.05541947870968148,0.44799510225098227,0.01887492777147845,0.3635121240851708,0.07506602454916028
225,0.010912590888798989,0.3159527595739772,0.45205722160330347,0.0075232683804488725,0.0470949552567602,0.16645920429671116
226,0.0030925171610650757,0.11632229159346397,0.7086341069811769,0.015218836170455552,0.09758693997293365,0.05914530812090486
227,0.30225014087330543,0.18396017818579613,0.02079717958916544,0.12226613211313131,0.14027866690763555,0.2304477023309662
228,0.061178835176897456,0.42192412408065405,0.3916661627743193,0.009546001924642764,0.005517587737108853,0.11016728830637754
229,0.2587355672882018,0.2015386275612899,0.008403988112848685,0.009653816279811434,0.026352590013936025,0.4953154107439121
230,0.021743390669294028,0.2382849237167208,0.24133590816784037,0.07489528047719163,0.0028616010915249596,0.42087889587742827
231,0.6152461709477505,0.26580732119378325,0.03225075761424141,0.014352968834423021,0.06300112953750776,0.009341651872294077
232,0.2780007451957089,0.36663473396102364,0.16722053606497608,0.08090704529663759,0.008953301327663265,0.09828363815399048
233,0.21575215713496068,0.37411285742887346,0.1024693896526794,0.21951046613997985,0.08365873787713285,0.004496391766373814
234,0.1411229741360108,0.014784301685604696,0.022708708575185827,0.5384127037331131,0.19392245281410223,0.08904885905598328
235,0.12518439808513537,0.6755799684250975,0.00651294802571404,0.08297246295631842,0.08730444403281641,0.02244577847491827
236,0.021505489771652467,0.3587401813866147,0.1966403951303701,0.3537199594940339,0.05921719145539047,0.010176782761938376
237,0.15847722281821025,0.16631745097460165,0.5520892220988841,0.0031094820531196673,0.11321163710606712,0.0067949849491170805
238,0.003704488721181814,0.1711259719030892,0.7448032344081801,0.008519416535789543,0.015326757223389059,0.05652013120837033
239,0.11595353772842054,0.5436928639432738,0.02005845321767492,0.2963612513515587,0.009720486500436156,0.01421340725863591
240,0.013651943987839825,0.24599406562584764,0.41688180226033605,0.18089721547988302,0.10687366754825517,0.03570130509783831
241,0.0695836655101361,0.4868767085798811,0.1637126820480932,0.06542017918517624,0.022487630240960992,0.19191913443575245
242,0.021920414835425006,0.03966329633995542,0.6294711532318663,0.09280100616342907,0.1458677498005181,0.07027637962880601
243,0.09999424706201462,0.5664484593966318,0.22407323781419497,0.0435861307378025,0.04250050733750897,0.023397417651847108
244,0.016003604585313778,0.30790513931602576,0.2657996964625118,0.22562803290564354,0.18169319703592415,0.0029703296945810254
245,0.10497183699199514,0.03822210021361796,0.015292332783487475,0.6991198261818736,0.09436597030566055,0.04802793352336518
246,0.26306825132249295,0.5074437499633366,0.005189609286789635,0.10350599056565574,0.04957672765593354,0.07121567120579156
247,0.16181283910835473,0.10619085233593362,0.44975322868094536,0.2523051693688837,0.005105500349467493,0.024832410156415078
248,0.20674964212562014,0.4454421917819518,0.004814514467587564,0.12132274091685476,0.016651893733696244,0.20501901697428954
249,0.009551047421887109,0.08650957797189064,0.31703043770453826,0.05102510558617235,0.5308956916898229,0.004988139625688781
250,0.2212954564630029,0.3160129882084172,0.18902625010428126,0.16241643857994548,0.10405018354024136,0.007198683104111828
251,0.10378957291198843,0.1787798892192473,0.20718340717472225,0.3296771854269577,0.12666148315899373,0.05390846210809053
252,0.10264516730362536,0.08931697514976879,0.14189836760516839,0.45181415199865704,0.186743221662582,0.02758211628019841
253,0.01789124394221038,0.24753039414836045,0.16699807139311257,0.0385987496824977,0.272708644537089,0.2562728962967299
254,0.25613711618949697,0.21171353507967205,0.054451157944485566,0.23283288799540133,0.06809068662741401,0.17677461616353007
255,0.1866880409364759,0.10214897050468659,0.08153479358818748,0.40607940766386064,0.21733980459702062,0.006208982709768662
256,0.0937781036263629,0.1589690782398093,0.33005082076670733,0.1813343161748688,0.13823454314510641,0.09763313804714527
257,0.366022234887899,0.22066130667642164,0.12421054438485273,0.07598525977388929,0.13017839728851704,0.08294225698842031
258,0.2579285696317321,0.34616226785990656,0.22111828083753254,0.008987295214521131,0.024772304409898173,0.14103128204640944
259,0.24947703103448993,0.2852894741988668,0.17171917517430405,0.004797822010196874,0.026533466555036692,0.26218303102710566
260,0.12230482989107523,0.16068705943573816,0.4999035627797997,0.005886962864891214,0.02453341813904875,0.18668416688944695
261,0.2768704906545424,0.04044524024377963,0.12951826016789328,0.4073852414254291,0.039512533976431875,0.1062682335319238
262,0.5092714450433864,0.14521480916284757,0.2719122679649299,0.04266381418673581,0.02242402175151892,0.00851364189058141
263,0.26893709822213524,0.02861460912146782,0.01328008874205312,0.09621950287979229,0.3782998080283473,0.21464889300620416
264,0.017850756644158694,0.5456795263084598,0.01730198535785982,0.15663527323976775,0.21723494912334976,0.04529750932640417
265,0.009146044410435811,0.3068574157813436,0.005794443291914985,0.003452041508876611,0.13064924719230683,0.5441008078151222
266,0.1313736328712155,0.5718931958619994,0.01883246363514024,0.18117410279766435,0.06381849576106699,0.03290810907291353
267,0.31670840819804763,0.08517891062745347,0.22505101993473384,0.27380181350878235,0.04300864574330978,0.05625120198767301
268,0.029729455128658367,0.7677393842900558,0.11533414094894406,0.005713435768698497,0.018256596603487607,0.06322698726015567
269,0.03258205004499654,0.5345427038950381,0.005545263073534034,0.0713501698792913,0.1500024738793745,0.2059773392277655
270,0.2128246600426558,0.1119306480455511,0.08735124819771677,0.006037170226499834,0.23737435458408732,0.3444819189034892
271,0.003014210340803161,0.8929672201753459,0.0058813703172201385,0.004346369468665445,0.005531946598269536,0.08825888309969579
272,0.14570966653945153,0.2753102653787212,0.3682120230677255,0.006126238679079918,0.007150654034884224,0.19749115230013772
273,0.07861035173248206,0.7309266137609626,0.03452048914047955,0.027063593929780513,0.011833680572529995,0.11704527086376525
274,0.06496981684197771,0.02867743958136437,0.11327897348649528,0.6703642230350338,0.019604619734964617,0.1031049273201642
275,0.25683030959013436,0.5614534879004942,0.04734372101424182,0.010345370130705899,0.019898974379956854,0.10412813698446689
276,0.019080597620930943,0.22809713202312484,0.03979906990150368,0.031189402251120043,0.5470951854305467,0.13473861277277377
277,0.3618715286302293,0.31266206296867033,0.023009611150542147,0.15878385086350272,0.01650816444165512,0.12716478194540035
278,0.14278592540312746,0.6493237727460469,0.1815039737196572,0.008270428467812027,0.005845793678779318,0.012270105984577133
279,0.32635985317994004,0.1799419753593305,0.38314940166714245,0.00807245962608369,0.08289760351271282,0.019578706654790404
280,0.17408910234961275,0.2930116966765059,0.49030275860205497,0.01875433658892557,0.015385033281194853,0.008457072501705935
281,0.11989502212078157,0.2610350708248225,0.15070309526866896,0.3122848682862875,0.03633414877435686,0.11974779472508257
282,0.16907928369364175,0.36304389425786054,0.01182516864742317,0.11746639667346388,0.018953697430467088,0.31963155929714354
283,0.011343110109876963,0.5326729235891261,0.1774672889484331,0.16637436506809566,0.09361293337198709,0.018529378912481048
284,0.07417885396519865,0.026796296173361735,0.24476157145424504,0.4147857514604996,0.016587391697159424,0.22289013524953552
285,0.2717661006672474,0.09234745434194007,0.018335919449588976,0.3455824532786464,0.010839331380112248,0.26112874088246496
286,0.12996854528851287,0.048246024720563926,0.20440690187165855,0.4976920059461278,0.10505992085047519,0.014626601322661664
287,0.1629721120332816,0.5122978134865199,0.16465278843362668,0.03396523317166466,0.01910503964974514,0.10700701322516193
288,0.41094688198186563,0.08998311941740807,0.023006827203713682,0.08692651810184829,0.3798783465463551,0.009258306748809342
289,0.05252441077747884,0.3593582874615923,0.06531541100716182,0.009331110769977866,0.03464201350687556,0.47882876647691364
290,0.07680076197095341,0.18128762325615036,0.12064423527581321,0.15082812830852466,0.04268614670948988,0.42775310447906845
291,0.059609755028950696,0.3052057706565456,0.03705798761288785,0.13636550410580478,0.0372034607557069,0.42455752184010415
292,0.006025799207153529,0.2509378636022813,0.00414717159330403,0.4321760417630699,0.3044483206524521,0.002264803181739161
293,0.23915543394322905,0.006031676079555835,0.20203653639152402,0.02515162190740705,0.5061088788708945,0.021515852807389546
294,0.12582052572271932,0.49949405071002684,0.30382024860419726,0.012660895725360801,0.03710898571771202,0.021095293519983786
295,0.20755909000640485,0.3458125774565423,0.22967505598447435,0.0989403406717508,0.0348775686938305,0.08313536718699721
296,0.027821373855378313,0.2872433977478067,0.11304987196081534,0.1959613009943921,0.014765463641090744,0.3611585918005167
297,0.5073815850484562,0.06336697886511865,0.0610554056701487,0.006600220036108761,0.3507292415951738,0.010866568784993813
298,0.049994564362292895,0.17620350073334906,0.0667258576099823,0.46872630565739054,0.06729379218590464,0.17105597945108064
299,0.25188508512185925,0.4265733118899986,0.014515881232231789,0.0040279041144468414,0.012071206020721327,0.2909266116207422
300,0.2578557774229708,0.13590102209079777,0.10158589797031992,0.3414626072957065,0.02058929125896819,0.14260540396123678
301,0.4618236809217098,0.0046198070866069856,0.3288645283761105,0.10224353475203263,0.03628584670121133,0.06616260216232872
302,0.2314863968319225,0.07507076837251905,0.3831305484065718,0.004345043153000473,0.15026593732360258,0.1557013059123836
303,0.06812823978602586,0.42488114030151536,0.18752401319438322,0.3052042079125364,0.007863354606574722,0.006399044198964423
304,0.045028307665289466,0.10861467299565665,0.7807889235544778,0.01562573351384828,0.026675539543903604,0.023266822726824236
305,0.02202869862535151,0.4315289539207017,0.2860853761070509,0.011231621350910872,0.11781372738728929,0.13131162260869572
306,0.0774747804979322,0.24408896944005604,0.20389907477329386,0.034220969849451346,0.2677551639263758,0.1725610415128908
307,0.29385680402712366,0.5810338404174776,0.0204786606639504,0.08453823442513726,0.008798133662157474,0.011294326804153564
308,0.151896263049042,0.12004121930249824,0.21806371704006622,0.49297149508969423,0.004937645316037391,0.012089660202661907
309,0.17356659185567358,0.1680596345436293,0.15844848831347935,0.1686544674731234,0.09227074765315087,0.23900007016094355
310,0.13360524276312266,0.6754220757239897,0.01080989427888792,0.11186965839702508,0.052234713822603175,0.01605841501437142
311,0.2569042152014614,0.12429148842363609,0.10322730366362928,0.3525479433886601,0.008510937343502521,0.1545181119791106
312,0.21761356885730848,0.4142767165674014,0.09678265808939558,0.13890454281146578,0.005687176117990531,0.12673533755643832
313,0.3855086046800435,0.05400017708676267,0.11248018283563438,0.11244395619708455,0.22680327385986418,0.10876380534061073
314,0.3120933336072992,0.07425980302903185,0.15914806436105516,0.04519687668143355,0.17355926643154976,0.23574265588963042
315,0.15388622779072453,0.008290081027904773,0.255023041802963,0.020510279925183325,0.5392281417493312,0.023062227703893323
316,0.22469973051258407,0.21150257426376518,0.300369228409313,0.03814974388569616,0.13353403239869296,0.0917446905299486
317,0.5973204075643772,0.03202662933472121,0.014689389114605662,0.012321693987143506,0.018029437201376855,0.32561244279777557
318,0.07321799717891213,0.24139918534769395,0.5479558491490479,0.12511748041556014,0.006851707170294446,0.005457780738491497
319,0.13785426040087045,0.01311697422652813,0.038125877371097516,0.7308312976248815,0.022509108058763657,0.05756248231785871
320,0.4261961649359718,0.03298439217907543,0.4063996778007024,0.09183511095273275,0.0200502163630709,0.022534437768446703
321,0.33946632300726637,0.03618920308322046,0.21816715482517637,0.007518036147380475,0.055038117634893816,0.3436211653020626
322,0.21915730020146812,0.418559800031753,0.023120462037570816,0.03306968807847943,0.08191296963095186,0.22417978001977668
323,0.41428919582270146,0.28746253613441847,0.04769916435244293,0.19522951824073684,0.04424039421609456,0.011079191233605692
324,0.29690411791802646,0.39132906130982587,0.14348384609380765,0.06659225574758086,0.09697624237365621,0.004714476557102901
325,0.16058422205042122,0.042579550601644325,0.11049748453515813,0.1998613198933369,0.45990030755793243,0.026577115361506976
326,0.1859747943351926,0.17343947957885056,0.2072101602962,0.2106988791621368,0.006774234134995378,0.2159024524926247
327,0.18226648856600347,0.44904777732155315,0.15298623424830346,0.10207739540004353,0.0179915113485131,0.09563059311558329
328,0.23618087439776503,0.19011560716237844,0.011250838806195332,0.17140231731958666,0.14934997052919197,0.24170039178488256
329,0.3802749035804023,0.4958798307267118,0.004378785337983897,0.0072889086154244,0.04889453870633651,0.06328303303314109
330,0.177459323173112,0.6726752985737287,0.010382648419051017,0.015096943247598785,0.11790866709448213,0.00647711949202745
331,0.08936909797660844,0.07373244341906349,0.1464407946783301,0.00784141275588173,0.004121513534107094,0.6784947376360093
332,0.5989234510970478,0.3260402163263763,0.003499226607947585,0.03877270639881459,0.0059845613613218746,0.026779838208491828
333,0.14302236333514343,0.06549815002692563,0.5665674277288402,0.05483762161911509,0.046409073648688036,0.12366536364128769
334,0.1739546936256227,0.046638601201342264,0.2921058613271903,0.16101923999602152,0.21811077051949534,0.10817083333032795
335,0.1865213928447017,0.14603373111446308,0.011377986472925896,0.0076894231740002395,0.0027730114402097486,0.6456044549536994
336,0.271544359049225,0.4052825138194111,0.19539871608124323,0.09482999215177189,0.011992417121290443,0.020952001777058304
337,0.9070120042583275,0.008214156293453926,0.006773307542134718,0.03924142585204633,0.03617258766472678,0.0025865183893107324
338,0.2183779831408057,0.2945360434920908,0.2751970153325586,0.08427592534455908,0.013786034071260703,0.11382699861872515
339,0.2664372749060111,0.0441510206417925,0.3794786989271456,0.16510583819440278,0.1303816303062689,0.01444553702437909
340,0.014074285851805543,0.11312613909392741,0.38009472215502016,0.03996692012594412,0.008582924942270226,0.44415500783103246
341,0.07050696802004716,0.8712253981577774,0.02276755151370865,0.003905241911872928,0.012829657195574282,0.01876518320101951
342,0.07240346496453022,0.07284757562929528,0.4496952968618264,0.23750818947709587,0.002566349101039338,0.16497912396621295
343,0.2368321195037772,0.0070025772411187945,0.12051914452424539,0.2832623381199821,0.024397123004790282,0.32798669760608623
344,0.08248274729801608,0.6626292141590564,0.09551334297801678,0.13828741325761668,0.016278087998591553,0.004809194308702511
345,0.45500478469283817,0.07076908040643458,0.011183135746160602,0.017524042832546417,0.22929848775371275,0.2162204685683074
346,0.18156382425009696,0.5546765189266779,0.1562052471092747,0.0704953515806701,0.006619886625370349,0.030439171507909972
347,0.3002560981230024,0.38416756916577005,0.1185313801554612,0.09071594702488753,0.0856547958879768,0.02067420964290194
348,0.005300384700111452,0.15486313278498387,0.1795413389764683,0.21614034681895355,0.06705557412612598,0.37709922259335693
349,0.3421775957393508,0.27523863442881885,0.022115964165855432,0.03560379398043876,0.24369999074827386,0.08116402093726227
350,0.9129900510157791,0.02783971578436929,0.020852348476876687,0.008707054534828099,0.01815550744324307,0.011455322744903733
351,0.4994183872074542,0.1473487316414172,0.11480604213448979,0.06144726397676109,0.032545746505787336,0.1444338285340903
352,0.02012258276584078,0.2906725717452827,0.1387536517038806,0.5388239362774755,0.004363584095532903,0.007263673411987458
353,0.24217952549415114,0.2866400689755708,0.02197417390884836,0.3782135718765922,0.0438304966864182,0.027162163058419286
354,0.3075369118058122,0.2680033248604943,0.2293796730949596,0.13344803431198984,0.04078311700969943,0.020848938917044632
355,0.26769910244753564,0.12229114352505432,0.01275528398849366,0.3655576186823775,0.18046078170914134,0.051236069647397436
356,0.12121477899350415,0.3670095232568084,0.18087500943374935,0.23200264047160185,0.018131429408474408,0.08076661843586184
357,0.06566078328734057,0.5672568633842666,0.03718900022596148,0.08503688629915174,0.04101759498922628,0.20383887181405327
358,0.5415690089306111,0.3583390161111562,0.02178870870812612,0.022141112219256215,0.046139256125141456,0.0100228979057089
359,0.01820595413462063,0.03353624257305332,0.3412280696637801,0.19364257741552937,0.01210308163892609,0.4012840745740905
360,0.6660656881162131,0.10505693426782405,0.02778205217425468,0.06825755716264294,0.09516878364042594,0.0376689846386393
361,0.07900233761269006,0.009749498479375694,0.49293127782531104,0.23973386267293878,0.13751043666360166,0.0410725867460828
362,0.314814576426602,0.1994079061777595,0.026076402806143664,0.011604015224403496,0.08259835354768716,0.36549874581740427
363,0.029218201341065748,0.36104622832450817,0.27538555920781,0.006111673879197145,0.03187794815747234,0.29636038908994655
364,0.08865430645419098,0.17294889570110045,0.008681974281088056,0.7158986926496514,0.005445350912858388,0.008370780001110661
365,0.33573288214938146,0.13335351498895975,0.032190127315096934,0.1386441577066524,0.35421991328891406,0.005859404550995373
366,0.25590692270551463,0.3940081585914573,0.006940039927769795,0.16723620687241558,0.03331473469331883,0.14259393720952382
367,0.5170506913127465,0.22108356922827785,0.030767595351257268,0.03896268707895166,0.17432052492211583,0.017814932106650833
368,0.18581052085587013,0.502575566621676,0.076190193946221,0.005789557867394353,0.16129691098184817,0.06833724972699032
369,0.5018154240467952,0.08025062671811403,0.046245253417790455,0.20741823637331808,0.03598790610582606,0.12828255333815616
370,0.3030342999808422,0.3271195527594598,0.3079112765514602,0.040513680432387525,0.017927333884078838,0.003493856391771414
371,0.3405038806366634,0.07054060550928265,0.3786006346612855,0.005473729667777892,0.04118658471980675,0.16369456480518382
372,0.005924618184939305,0.39557189061196674,0.4745420706889984,0.005961719114530223,0.03664266143773888,0.08135703996182649
373,0.1257313362472428,0.5816874927520861,0.01648937833630826,0.0830678007693155,0.16872717171087862,0.024296820184168788
374,0.45136024392197455,0.0030734739044015356,0.004473252327205439,0.0026171838723415162,0.4626027071600447,0.07587313881403224
375,0.2461968523635909,0.5019959955772471,0.196351851224985,0.0029930966800246423,0.023967981015623026,0.028494223138529378
376,0.31603573454915773,0.01577894162794694,0.16674875563877273,0.22323501174802657,0.1277900863505573,0.15041147008553876
377,0.28949798428650514,0.39591745058069894,0.24941327230539745,0.05844470166200987,0.003923375337993532,0.002803215827395126
378,0.2427277519602579,0.28720263746965585,0.04599463698117439,0.09099628661419226,0.13307167705976267,0.20000700991495698
379,0.2501315377929845,0.08028337805585459,0.00671985953650727,0.5677173693081751,0.07744024304167221,0.01770761226480641
380,0.11071663090183925,0.5012117426497725,0.006536471766552516,0.08218887718105199,0.2931449611825464,0.006201316318237282
381,0.08751568661144814,0.24853070663991061,0.23296048027881633,0.022764186286625288,0.0496883757789262,0.3585405644042734
382,0.1148345965398583,0.05035056418611259,0.11672879820395753,0.06070145681517232,0.6315836337673661,0.02580095048753306
383,0.228989562717913,0.31692906090963985,0.3029495896161631,0.034896555022404435,0.10651716088082842,0.009718070853051167
384,0.6927303863078361,0.15162104787727407,0.13009631569966626,0.007725717651395616,0.010355523694015665,0.007471008769812269
385,0.6255287493150692,0.22882499048281044,0.006587265361649593,0.01065937778209978,0.023560673904696405,0.10483894315367462
386,0.23831163334023636,0.12441094958079481,0.05715805979975579,0.5507555978098367,0.023560532916344735,0.00580322655303157
387,0.11353665225821016,0.6645921683804341,0.017204150457706843,0.023196614365249276,0.0462021977094136,0.135268216828986
388,0.4532686545725123,0.021305335787902623,0.005786553485259437,0.007663611748432216,0.010237890056599776,0.5017379543492936
389,0.19347754124452995,0.4053944862528557,0.13126112277620056,0.03305297513893862,0.21893778429629496,0.017876090291180202
390,0.1890416872054338,0.2578693233306612,0.2580761298740727,0.2577345028631919,0.008432851460867224,0.028845505265773258
391,0.19786177979643088,0.1572471764112821,0.1758297240340512,0.23749660116534252,0.21101792738486969,0.020546791208023635
392,0.32591956364620817,0.4497346162511029,0.03965058129057355,0.018037432828199577,0.15478605379133722,0.011871752192578522
393,0.11949337750147934,0.37692697078270515,0.07566495718305181,0.30721200934682413,0.027960985423763473,0.0927416997621761
394,0.3875929558215402,0.12307014946227358,0.11621140034286111,0.07093920084125865,0.2048676938952426,0.0973185996368239
395,0.5870093022052134,0.25350508492019014,0.016763830335875623,0.05515009381050309,0.02133396524226238,0.06623772348595536
396,0.01645865528764131,0.5635443386345625,0.2849746321439604,0.025236059171493835,0.011044611571226387,0.09874170319111548
397,0.2129953493982545,0.07455527084134697,0.010116137485723318,0.21731968403692337,0.02327493552362013,0.4617386227141318
398,0.6111646630882768,0.008936080409968987,0.02703627902688464,0.005126016756648728,0.20572829367917533,0.14200866703904552
399,0.34900187579099956,0.009253768244924623,0.5273320934301372,0.009573082545400248,0.0912900411105654,0.013549138877972891
400,0.102448610900717,0.2102123420194901,0.6368044417279363,0.00993897579247681,0.01737543685946406,0.02322019269991574
401,0.040884924725947805,0.38338112314579037,0.05942961493728769,0.47273097708224304,0.006700979568314778,0.036872380540416305
402,0.3095533537313693,0.286175213108652,0.1153798763978357,0.03179268937544399,0.04366859681100343,0.21343027057569558
403,0.13773028266669876,0.17336154133100887,0.3329249585648204,0.01387825697146398,0.026587286996256464,0.3155176734697515
404,0.18947757972559998,0.015969495160137664,0.10142057713167525,0.017959319596206103,0.005395726495896187,0.6697773018904848
405,0.5524898535782717,0.31492934730802113,0.0046286229449983085,0.04488449384971271,0.07630879714338933,0.006758885175606785
406,0.39410879829956824,0.3919332655924488,0.1749916139236681,0.011744503036943242,0.010776913856451683,0.01644490529091994
407,0.29961612329811826,0.07859903306165955,0.2278854517266706,0.13959323599504989,0.05689551050106907,0.19741064541743264
408,0.23386368339274313,0.5923577397201599,0.016315708114293365,0.09120876045542335,0.05409211734620327,0.012161990971176984
409,0.1554524083941963,0.10381968815935906,0.6732253438838757,0.007328719761894553,0.013956624265718674,0.04621721553495578
410,0.1896186812486555,0.31963099869099376,0.10025196813650368,0.21689192792459105,0.16637977882844354,0.0072266451708124235
411,0.17008821029065743,0.42717323007348473,0.13447304753505937,0.11151127382345297,0.022898044042515716,0.13385619423482972
412,0.3262372364173733,0.23872217426582462,0.013293209211590567,0.00418492596811195,0.09323294613677048,0.32432950800032906
413,0.12372714443159649,0.30262993270680666,0.02328298188057111,0.0501712553187651,0.10735213017721038,0.39283655548505036
414,0.18142555670621532,0.24365670071979448,0.020495178906625184,0.4468603161187414,0.014078400311949114,0.09348384723667448
415,0.14527434100061426,0.1855161454396487,0.3159317873660491,0.3369076540283102,0.00962658903546155,0.006743483129916175
416,0.17384984112782007,0.5633307565403853,0.03098039891144402,0.15447434664477835,0.03605016240207886,0.041314494373493334
417,0.23858233147747326,0.15893768065102049,0.26849815328104965,0.1698651154847634,0.15327543126701848,0.010841287838674607
418,0.4563904660103932,0.020573756673322886,0.05834070754937908,0.224575085561959,0.07832633812578978,0.16179364607915608
419,0.23163071226544105,0.0294939501762427,0.6965359332014355,0.01016185099156198,0.023251453627234703,0.00892609973808409
420,0.27536220476135476,0.3404710595205949,0.04081246411988877,0.05072822480559288,0.02443056966681537,0.2681954771257533
421,0.6514358685161078,0.02267900174155049,0.035021535880766876,0.0065697463347974445,0.08451100322059443,0.19978284430618296
422,0.43091189387812734,0.27857682973956877,0.12742608521487195,0.0057150542080291935,0.0161401233728739,0.14123001358652884
423,0.4474978805467663,0.5093534045697844,0.003495094975934991,0.006369107928162074,0.021398202202788038,0.011886309776564189
424,0.42635658147096767,0.3503529648098917,0.17235073853182423,0.008992213521780092,0.0395660751428842,0.002381426522652122
425,0.050929642835354144,0.24579149962948696,0.16182874035097958,0.24517567810621607,0.2050382230169775,0.09123621606098564
426,0.02708621380160353,0.20505077034083136,0.6539147612960996,0.004869970586574902,0.09465260777133375,0.014425676203556975
427,0.4827678472890791,0.058945708891676114,0.2067151591015396,0.12109226680478376,0.1147185379273918,0.015760479985529693
428,0.10960399406353,0.2997970271963782,0.4135216448896483,0.003284078877459226,0.16696882260674972,0.006824432366234534
429,0.36866977287993136,0.007310799822497941,0.018410163263792023,0.004774331708688037,0.5980661643975902,0.0027687679275004706
430,0.5525453827834487,0.17981166726009798,0.05030862400876373,0.16467606298001855,0.014816005132622738,0.0378422578350483
431,0.1985206265762199,0.20773695529831882,0.0027900978081682637,0.2586600957987578,0.011159402909212494,0.32113282160932266
432,0.014482520124615102,0.508357685580911,0.22495719689595117,0.21149166175452538,0.019240627967686857,0.021470307676310446
433,0.06485711448768113,0.5429499485764024,0.031082353555267346,0.2229988903812977,0.11445340508879097,0.02365828791056039
434,0.320118026655909,0.42311534586865884,0.21098365159895235,0.014990235466693954,0.016612619214018947,0.014180121195766966
435,0.5923470622499871,0.23437154216004355,0.016327671388074665,0.05345114729200072,0.05206835516878305,0.05143422174111089
436,0.28048111803631975,0.03616430222258926,0.2375202341944119,0.03320729033959015,0.40323585599738204,0.009391199209706824
437,0.39375392989483743,0.027142290163052866,0.03630776428477468,0.08373854299940643,0.44721749641009195,0.01183997624783667
438,0.3276873446432165,0.29182014776343673,0.08882621644882518,0.15151828193447164,0.0588715121408183,0.08127649706923164
439,0.34913795455354757,0.035012500593045295,0.5216267266061332,0.022638217452903026,0.056850617076971345,0.014733983717399597
440,0.28772480974091513,0.2013839303884552,0.023371070514728174,0.009289499779907904,0.4720759123833507,0.006154777192642846
441,0.6937745680313887,0.18599113124230757,0.016997916578762023,0.07714511439667644,0.006228482112836853,0.019862787638028408
442,0.10496978508324879,0.30635725121371915,0.007453893438578551,0.0043349144013364455,0.2268952330372904,0.3499889228258266
443,0.2740286166797927,0.5535658316681711,0.08066263631717578,0.042783296341050096,0.03866784410955411,0.010291774884256207
444,0.06787825581830971,0.03904075886292816,0.006249838686786854,0.10519340059134441,0.5377236949642785,0.24391405107635233
445,0.4606393326710441,0.05611811843749757,0.0969477029048695,0.2661000795255459,0.007949116662090175,0.11224564979895281
446,0.4244953811136421,0.14220801768228147,0.11765163376195101,0.03509964585403893,0.24871274487967393,0.03183257670841261
447,0.13670867824659075,0.16466372376810087,0.5539778623059088,0.042380806934109866,0.10075829378405457,0.0015106349612351022
448,0.13741549716497273,0.29940789221621716,0.35702594136541893,0.172820098238158,0.020055035543630206,0.013275535471602946
449,0.7505311140846912,0.1379316667871902,0.004842868358226191,0.082460685674251,0.0222288721186275,0.0020047929770139125
450,0.37401660145698057,0.20289850344132487,0.016261472175881208,0.08197947310455814,0.18841477182682026,0.13642917799443494
451,0.40023491523990307,0.20927372394699592,0.05639847794955758,0.0070431527421437965,0.2654783590214332,0.06157137109996641
452,0.6247012793680571,0.01713424001997217,0.013647912784760094,0.006977642577762565,0.33387932109841356,0.0036596041510345567
453,0.0686111731579037,0.2744487398605386,0.1384509541142736,0.3926334944820494,0.08234272165936578,0.04351291672586906
454,0.32281626713887346,0.10555656287420957,0.25178377754910386,0.14077906882976624,0.005501809477590581,0.1735625141304563
455,0.18477944948420258,0.18557570873663357,0.0083423881353392,0.12360361735771559,0.04484017213242763,0.45285866415368153
456,0.024423946982428505,0.13898368232837674,0.018405762896948633,0.00249074345237217,0.30554672899867463,0.5101491353411992
457,0.255259049047079,0.2038901225236574,0.28414909858197207,0.005788017234112018,0.15445359998853786,0.09646011262464171
458,0.20376609402358478,0.617137089368019,0.026349259242572528,0.11680568096236978,0.022296377965614993,0.013645498437838858
459,0.32562388093669464,0.14779666748075296,0.1797883774359719,0.027339453959283267,0.02003314913603243,0.2994184710512648
460,0.09793484001621879,0.416388949107971,0.42226153464092797,0.02002861341835309,0.03442189464921117,0.008964168167318022
461,0.6485826232380597,0.01566262827840824,0.1339946921062652,0.1703499270628396,0.018784459839898852,0.012625669474528391
462,0.515649406503955,0.25236882575151814,0.09021410314775613,0.07520779425019197,0.028257997414401693,0.03830187293217709
463,0.6391138829306812,0.0053069148694772856,0.24499783514857218,0.010894715708302532,0.09191987968668787,0.007766771656278995
464,0.12050166351440185,0.27382524287546584,0.012762081944047524,0.06798079911249566,0.04666394922072143,0.47826626333286776
465,0.3119751194955626,0.1959351419029275,0.014100532653710649,0.017528195241569157,0.45661191952869573,0.0038490911775342918
466,0.3146279309778489,0.15150734599113214,0.18179474637416654,0.012038507302015469,0.11446742960644947,0.2255640397483875
467,0.17182429948562078,0.08926300132750598,0.01617802569628898,0.39392475648693115,0.03624320416527802,0.2925667128383751
468,0.18750148125989435,0.08580794314386954,0.007754260706493011,0.6866657962511614,0.004706036062482605,0.027564482576099163
469,0.05081617352354237,0.3858070445691611,0.25551729702101805,0.03630963365296294,0.012260155276663147,0.2592896959566524
470,0.7503689183106351,0.03966090880763735,0.007517437813844939,0.009408877862837053,0.16494771282390694,0.028096144381138582
471,0.021130755708839735,0.42446502147563836,0.22777716257126235,0.15828497331856553,0.14780883546663665,0.020533251459057406
472,0.12507313962608058,0.008578896277181693,0.6682828828756453,0.00808146849758055,0.13176192452053684,0.058221688202975075
473,0.29267118612056303,0.6138833011281687,0.003164461092934762,0.02031960140797083,0.0525467809841606,0.017414669266202026
474,0.12892592414274573,0.0066163205381227115,0.4059804319809056,0.439413661993235,0.017234279697112276,0.001829381647878714
475,0.1655116785430099,0.3002952178322758,0.0916826931706939,0.049031962892661526,0.05921461050922032,0.3342638370521385
476,0.3266935120543759,0.1728312901072573,0.2036659053619957,0.0953904546762633,0.18106388938435758,0.02035494841575025
477,0.3586642891268134,0.3269980337550126,0.21127777472362713,0.027438857388421636,0.05379051164405155,0.021830533362073634
478,0.12960955773942848,0.012725540320001139,0.009040057699890055,0.7628395345889262,0.08107316746272583,0.0047121421890282955
479,0.2070860131886982,0.7030907424129397,0.014599118896580169,0.023452677879072747,0.04218451998437602,0.009586927638333152
480,0.6294433077658259,0.2775798550826739,0.009995309867504317,0.055891986357709464,0.011783278068493013,0.015306262857793391
481,0.12626245055395727,0.03919794060457871,0.0041700987180538236,0.17940471406348044,0.6380667514058619,0.012898044654067853
482,0.42969337645300015,0.14635444779953885,0.11002653234712037,0.03859652402354983,0.26415241384893184,0.011176705527858877
483,0.20666807680145777,0.3551985645208268,0.22170131858690217,0.06954468532487279,0.0899069601661294,0.05698039459981111
484,0.3420157747944379,0.00955447508037095,0.15119938907841188,0.030670484320889906,0.436974875894006,0.029585000831883257
485,0.2003495040333891,0.2101953686327926,0.057813330074485254,0.12882874619849405,0.0423539258470131,0.3604591252138258
486,0.39890272860147447,0.13448425066137817,0.10805496223630491,0.004494470540255542,0.014455936559048655,0.3396076514015383
487,0.22625170835932612,0.529972093881062,0.14531877983675973,0.007177467864774766,0.08667887907314405,0.004601070984933356
488,0.1153096831184649,0.10797746535171744,0.4032728789267331,0.14975385839473979,0.22063172370465334,0.003054390503691412
489,0.2379814461383234,0.3510160518015481,0.31477781467428667,0.009665109455836323,0.07965128243881228,0.006908295491193234
490,0.23911213960859282,0.1025296703126023,0.4919094044549547,0.1323421505937796,0.02213039217491612,0.011976242855154518
491,0.21105513648762464,0.21914356952884384,0.009108605638057408,0.4383650355647255,0.05964185116984395,0.0626858016109047
492,0.09265346059022986,0.27643650822002686,0.5216557011664532,0.04189756355125054,0.03940629559548604,0.027950470876553515
493,0.3306002548640733,0.13024136047929405,0.28991639018005183,0.12537736318469336,0.08301645270389924,0.040848178587988254
494,0.5135693310753776,0.30830544980178715,0.03165483100703498,0.010819396641546936,0.009741069599969416,0.1259099218742839
495,0.18877665972609928,0.5940356760605568,0.020974655148394177,0.06065001327295823,0.09713968085873484,0.03842331493325665
496,0.13689254243808044,0.17218477964696485,0.23985997949531337,0.043276306832338476,0.14569078960025425,0.2620956019870486
497,0.4533451276769773,0.19532936310674967,0.014221075797594077,0.011867702731835994,0.008542046935940682,0.31669468375090226
498,0.06568765170309565,0.8078397839314574,0.007939562414589603,0.04464050914435461,0.022245646383828685,0.05164684642267407
499,0.06102069431624542,0.2313749011404606,0.23748476220853967,0.003429077528690652,0.08832693624012315,0.3783636285659404
500,0.2949956391774581,0.30317909910921625,0.023987519752377454,0.09368706816317333,0.16019632254219335,0.12395435125558152
501,0.36418310629732575,0.4614306202533148,0.007540252501042734,0.007259211083888938,0.14634565188021711,0.013241157984210633
502,0.3768529516304389,0.4269238931762954,0.011679530520328291,0.0031265038638554525,0.13513114016132985,0.046285980647752106
503,0.2698560473317358,0.12326944678677083,0.080174738108331,0.335256940506776,0.18342920552896178,0.00801362173742462
504,0.32209715061002525,0.22892514013681642,0.11567004164499452,0.15900743140987517,0.09142118033582902,0.0828790558624597
505,0.2328932087564673,0.41362509585587426,0.2953499795143823,0.0376862214510611,0.004422752465667585,0.016022741956547522
506,0.424366989485181,0.1618703728721358,0.14391269795558928,0.01431149460448209,0.03610285690086346,0.21943558818174846
507,0.23467412954575392,0.3618312659808891,0.10422318417049097,0.057190007284011184,0.23759857570436638,0.004482837314488397
508,0.12451000750406903,0.17397658097395122,0.3721012383138449,0.2476408770954927,0.07475398116896625,0.007017314943675912
509,0.17507111716458432,0.2930550510224826,0.08899322683205214,0.054633686420972376,0.028903136848352773,0.35934378171155573
510,0.2629861705919378,0.43581386216185986,0.0491403763852021,0.18848698870599506,0.04671315591889035,0.0168594462361148
511,0.4513063240621202,0.011736606901290782,0.12128208207221514,0.19194805960923128,0.15664283917008232,0.06708408818506029
512,0.38726182633880796,0.17133316315981276,0.10162785423443263,0.24446606787834066,0.02679523375205275,0.0685158546365533
513,0.17391020462715065,0.15181806999417266,0.11273476185029475,0.2670411589193475,0.009896043091261958,0.28459976151777244
514,0.11368069124457918,0.05318912012451436,0.12461935479782302,0.02584313744733512,0.6075919205736532,0.07507577581209512
515,0.38829711471131095,0.42620635079747476,0.03875400877134343,0.0874283674271559,0.03601377587458063,0.023300382418134258
516,0.2783959984874087,0.4789908719164014,0.12834004570498003,0.046196333073835985,0.06496616435459851,0.003110586462775386
517,0.6074246838314824,0.020102335553519465,0.13962581501473836,0.09655199487328281,0.12211083733306284,0.014184333393914103
518,0.3510809521475208,0.370600102425051,0.21979569452473868,0.030505732545386174,0.022082083760121968,0.005935434597181419
519,0.34475622518191984,0.08173670065040252,0.04036720805090753,0.028945496567047525,0.4371916044025934,0.06700276514712922
520,0.19468863281163423,0.005992624193832633,0.038136879424392665,0.07275595503509545,0.10801375960097426,0.5804121489340708
521,0.24361519034103324,0.6694871473840196,0.03344085539656956,0.009214268429909078,0.01485591317607925,0.02938662527238922
522,0.15306169727255006,0.3368649718486352,0.03424403772940844,0.4536174019596263,0.011980793241880262,0.010231097947899802
523,0.2798375362561767,0.23458628422032177,0.35812789277834034,0.10331380543154134,0.020134574253472353,0.003999907060147485
524,0.16161616115315813,0.10749400482800162,0.004557151847358088,0.3245374027595722,0.3920781733910761,0.009717106020833866
525,0.30222244287217165,0.1502922241749466,0.36596420216893505,0.004897218608841935,0.011328534616475238,0.1652953775586296
526,0.08526578385993465,0.7186980666682028,0.009068148223181808,0.1620030405030473,0.02158424875238827,0.0033807119932451543
527,0.2685548439171497,0.40346095944361693,0.1704027478270636,0.04366814706855913,0.021929585012192342,0.09198371673141832
528,0.3182244896023227,0.42173503487950526,0.01707384479359347,0.014391784641621646,0.10758042566493463,0.12099442041802226
529,0.19152783529436804,0.09843248528689483,0.4140166608388907,0.11986083625053243,0.008821322658965026,0.16734085967034898
530,0.30436027034801094,0.24909268891330877,0.01777013122452008,0.008641507846362972,0.3966836522246208,0.023451749443176406
531,0.38436031749730104,0.3902681726522294,0.1170812331632479,0.06209447663846036,0.006608813279822729,0.03958698676893857
532,0.41927871885746365,0.0056753719217516735,0.35060094820448356,0.0026113001125321754,0.21877579799962293,0.0030578629041460026
533,0.03275444859895501,0.541471548503458,0.22180443706916014,0.03258827262705177,0.09193394909430315,0.07944734410707187
534,0.05842773624377237,0.06445829404344358,0.10535697145138537,0.754973823528156,0.011788489255745847,0.004994685477496798
535,0.17839880521435914,0.02757431935632195,0.6304279337587861,0.017238855612564823,0.029520712795928085,0.11683937326203989
536,0.25591811087733396,0.3474535629382584,0.31202490021262025,0.051338757110489096,0.027942836452891102,0.005321832408407185
537,0.2906648316299963,0.4579793562055067,0.04063635088488385,0.11656629273008749,0.08560934441648282,0.008543824133042874
538,0.26113224149429565,0.5762889153127153,0.09676767074464987,0.01138622723127364,0.01467415379128213,0.03975079142578346
539,0.3358907749187005,0.07422725610989774,0.08146142786627417,0.2006674576887072,0.07928999859013493,0.22846308482628536
540,0.6112519094275476,0.14865347076238183,0.004323893962337105,0.02797929714513092,0.1287442727558325,0.07904715594677006
541,0.6351184377387413,0.3050530551486179,0.006742551189102562,0.031175738896088854,0.006286460793752626,0.01562375623369672
542,0.09375934686918491,0.024073042628907457,0.7921343245825821,0.004171174891364157,0.07838091816383767,0.007481192864123742
543,0.4421087016640381,0.3116161415143205,0.016908829034297274,0.02042180038988319,0.010000690380719329,0.19894383701674156
544,0.38201467944096756,0.5294285342320145,0.006060819318601096,0.030992091173341015,0.020223899709505583,0.031279976125570215
545,0.4330743435015408,0.19709596019383252,0.06801607527590135,0.011489992048119683,0.28767913434851683,0.0026444946320888785
546,0.5911693641508592,0.242907801758063,0.007853615520307906,0.08792699785686948,0.03993504701986558,0.03020717369403482
547,0.2323232506811235,0.16731943739676394,0.3117176780423963,0.027319782760187174,0.17902990382778214,0.08228994729174702
548,0.4065844372645675,0.012699534251635652,0.19339907184806918,0.267303930140825,0.07718936796902542,0.04282365852587733
549,0.4230617218112794,0.3040239592288547,0.1765111210554264,0.02339280875762688,0.060620935193596556,0.012389453953216112
550,0.11001234939479464,0.6659878868371862,0.13087286331283587,0.005836852731399993,0.030521538068715465,0.05676850965506777
551,0.4170876389506506,0.027613744393465815,0.015437831295765569,0.12247268554177934,0.25501333268391513,0.16237476713442345
552,0.060487947255998986,0.34837092149875637,0.3705755291001709,0.07970145931064095,0.012931623802418302,0.12793251903201458
553,0.09161677067229523,0.25319955056069954,0.15771222878233052,0.007820638422024647,0.014680171027017155,0.474970640535633
554,0.3344793559820983,0.17441586470047435,0.005422976039048054,0.004546056326229703,0.47491188843030163,0.006223858521847925
555,0.01409436836251812,0.1562064015405695,0.02149758414773274,0.6074473638642024,0.006920649214029571,0.19383363287094768
556,0.10780373773083622,0.07462092444464272,0.009588053684269784,0.7917298918867711,0.004420853358131351,0.011836538895348869
557,0.03881210460373025,0.2244410055619417,0.11596758183529493,0.02531950455838806,0.008141214469075706,0.5873185889715694
558,0.27748973823658735,0.14545079457875418,0.006209358888620353,0.40952997551476394,0.14340965725074742,0.017910475530526743
559,0.2708732199940979,0.19479718868857418,0.3423231081386886,0.0066768991893199825,0.026481334564379844,0.1588482494249394
560,0.3835017221337481,0.09228533823241668,0.15883038816723816,0.2136979612079227,0.0934406822454379,0.05824390801323644
561,0.22780721379818167,0.44834698746575535,0.24653003525342895,0.020426796946143005,0.0497421347078772,0.007146831828613788
562,0.3060044610373874,0.19269865783681087,0.26043262508283815,0.11153062930176888,0.007362870133556101,0.1219707566076387
563,0.0034312656343693437,0.10866652461960873,0.3859510978490046,0.35654943857985083,0.0973498144442799,0.04805185887288663
